{
  "variables": {
    "token": "{{env `yc_token`}}",
    "folder_id": "{{env `yc_folder`}}",
    "ssh_key": "{{env `YC_SSH_KEY`}}"
  },

  "builders": [
    {
      "type": "yandex",
      "token": "{{user `token`}}",
      "folder_id": "{{user `folder_id`}}",
      "platform_id": "standard-v2",

      "image_name": "ubuntu-2204-lts-ansible-{{isotime | clean_resource_name}}",
      "image_family": "ubuntu-ansible-server",
      "image_description": "ubuntu with ansible",

      "source_image_family": "ubuntu-2204-lts",

      "use_ipv4_nat": true,
      "disk_type": "network-ssd",
      "ssh_username": "ubuntu"
    }
  ],

  "provisioners": [
    {
      "type": "file",
      "source": "{{user `ssh_key`}}",
      "destination": "/home/ubuntu/.ssh/id_ed25519"
    }
  ,
    {
      "type": "shell",
      "inline": [
        "echo 'updating apt cache'",
        "sudo apt update -y",
        "sudo apt install -y ansible pip",
        "pip install ansible"
      ]
    }
  ]

}
